Categories,Nombre de Likes
6/15/2012,1421
6/16/2012,1419
6/17/2012,1419
6/18/2012,1419
6/19/2012,1419
6/20/2012,1419
6/21/2012,1418
6/22/2012,1418
6/23/2012,1418
6/24/2012,1418
6/25/2012,1418
6/26/2012,1418
6/27/2012,1418
6/28/2012,1417
6/29/2012,1417
6/30/2012,1417
7/1/2012,1417
7/2/2012,1417
7/3/2012,1417
7/4/2012,1417
7/5/2012,1417
7/6/2012,1417
7/7/2012,1417
7/8/2012,1417
7/9/2012,1417
7/10/2012,1417
7/11/2012,1418
7/12/2012,1417
7/13/2012,1417
7/14/2012,1417
7/15/2012,1417
7/16/2012,1418
7/17/2012,1418
7/18/2012,1418
7/19/2012,1419
7/20/2012,1419
7/21/2012,1419
7/22/2012,1419
7/23/2012,1419
7/24/2012,1419
7/25/2012,1419
7/26/2012,1419
7/27/2012,1419
7/28/2012,1419
7/29/2012,1419
7/30/2012,1419
7/31/2012,1419
8/1/2012,1419
8/2/2012,1419
8/3/2012,1419
8/4/2012,1419
8/5/2012,1420
8/6/2012,1420
8/7/2012,1419
8/8/2012,1420
8/9/2012,1420
8/10/2012,1421
8/11/2012,1421
8/12/2012,1421
8/13/2012,1422
8/14/2012,1421
8/15/2012,1422
8/16/2012,1422
8/17/2012,1422
8/18/2012,1423
8/19/2012,1424
8/20/2012,1424
8/21/2012,1424
8/22/2012,1424
8/23/2012,1424
8/24/2012,1424
8/25/2012,1424
8/26/2012,1425
8/27/2012,1425
8/28/2012,1425
8/29/2012,1424
8/30/2012,1424
8/31/2012,1425
9/1/2012,1425
9/2/2012,1425
9/3/2012,1425
9/4/2012,1424
9/5/2012,1424
9/6/2012,1424
9/7/2012,1424
9/8/2012,1422
9/9/2012,1420
9/10/2012,1421
9/11/2012,1423
9/12/2012,1424
9/13/2012,1424
9/14/2012,1425
9/15/2012,1425
9/16/2012,1425
9/17/2012,1425
9/18/2012,1426
9/19/2012,1426
9/20/2012,1427
9/21/2012,1442
9/22/2012,1444
9/23/2012,1449
9/24/2012,1453
9/25/2012,1460
9/26/2012,1463
9/27/2012,1464
9/28/2012,1466
9/29/2012,1466
9/30/2012,1466
10/1/2012,1468
10/2/2012,1467
10/3/2012,1469
10/4/2012,1471
10/5/2012,1475
10/6/2012,1477
10/7/2012,1480
10/8/2012,1483
10/9/2012,1486
10/10/2012,1488
10/11/2012,1489
10/12/2012,1489
10/13/2012,1492
10/14/2012,1494
10/15/2012,1496
10/16/2012,1501
10/17/2012,1504
10/18/2012,1508
10/19/2012,1510
10/20/2012,1513
10/21/2012,1518
10/22/2012,1520
10/23/2012,1526
10/24/2012,1529
10/25/2012,1529
10/26/2012,1531
10/27/2012,1532
10/28/2012,1534
10/29/2012,1536
10/30/2012,1539
10/31/2012,1543
11/1/2012,1546
11/2/2012,1547
11/3/2012,1551
11/4/2012,1557
11/5/2012,1558
11/6/2012,1561
11/7/2012,1562
11/8/2012,1563
11/9/2012,1565
11/10/2012,1567
11/11/2012,1570
11/12/2012,1572
11/13/2012,1573
11/14/2012,1577
11/15/2012,1579
11/16/2012,1579
11/17/2012,1580
11/18/2012,1581
11/19/2012,1581
11/20/2012,1582
11/21/2012,1588
11/22/2012,1587
11/23/2012,1591
11/24/2012,1591
11/25/2012,1592
11/26/2012,1594
11/27/2012,1598
11/28/2012,1601
11/29/2012,1607
11/30/2012,1606
12/1/2012,1606
12/2/2012,1608
12/3/2012,1608
12/4/2012,1612
12/5/2012,1617
12/6/2012,1622
12/7/2012,1624
12/8/2012,1628
12/9/2012,1633
12/10/2012,1636
12/11/2012,1638
12/12/2012,1638
12/13/2012,1649
12/14/2012,1656
12/15/2012,1661
12/16/2012,1664
12/17/2012,1666
12/18/2012,1669
12/19/2012,1670
12/20/2012,1670
12/21/2012,1670
12/22/2012,1671
12/23/2012,1673
12/24/2012,1673
12/25/2012,1674
12/26/2012,1683
12/27/2012,1686
12/28/2012,1687
12/29/2012,1688
12/30/2012,1692
12/31/2012,1693
1/1/2013,1694
1/2/2013,1700
1/3/2013,1703
1/4/2013,1704
1/5/2013,1707
1/6/2013,1715
1/7/2013,1718
1/8/2013,1722
1/9/2013,1723
1/10/2013,1725
1/11/2013,1726
1/12/2013,1727
1/13/2013,1729
1/14/2013,1732
1/15/2013,1735
1/16/2013,1736
1/17/2013,1737
1/18/2013,1738
1/19/2013,1741
1/20/2013,1742
1/21/2013,1745
1/22/2013,1748
1/23/2013,1751
1/24/2013,1755
1/25/2013,1755
1/26/2013,1759
1/27/2013,1761
1/28/2013,1763
1/29/2013,1768
1/30/2013,1768
1/31/2013,1770
2/1/2013,1770
2/2/2013,1770
2/3/2013,1772
2/4/2013,1773
2/5/2013,1777
2/6/2013,1779
2/7/2013,1781
2/8/2013,1780
2/9/2013,1784
2/10/2013,1786
2/11/2013,1787
2/12/2013,1787
2/13/2013,1787
2/14/2013,1788
2/15/2013,1790
2/16/2013,1793
2/17/2013,1795
2/18/2013,1795
2/19/2013,1798
2/20/2013,1802
2/21/2013,1805
2/22/2013,1804
2/23/2013,1805
2/24/2013,1807
2/25/2013,1808
2/26/2013,1811
2/27/2013,1811
2/28/2013,1811
3/1/2013,1810
3/2/2013,1811
3/3/2013,1812
3/4/2013,1813
3/5/2013,1813
3/6/2013,1814
3/7/2013,1815
3/8/2013,1816
3/9/2013,1819
3/10/2013,1820
3/11/2013,1821
3/12/2013,1823
3/13/2013,1826
3/14/2013,1827
3/15/2013,1827
3/16/2013,1828
3/17/2013,1830
3/18/2013,1834
3/19/2013,1832
3/20/2013,1833
3/21/2013,1838
3/22/2013,1842
3/23/2013,1844
3/24/2013,1846
3/25/2013,1852
3/26/2013,1856
3/27/2013,1859
3/28/2013,1859
3/29/2013,1861
3/30/2013,1862
3/31/2013,1863
4/1/2013,1867
4/2/2013,1868
4/3/2013,1873
4/4/2013,1875
4/5/2013,1877
4/6/2013,1881
4/7/2013,1883
4/8/2013,1886
4/9/2013,1889
4/10/2013,1894
4/11/2013,1898
4/12/2013,1901
4/13/2013,1902
4/14/2013,1904
4/15/2013,1917
4/16/2013,1928
4/17/2013,1933
4/18/2013,1945
4/19/2013,1953
4/20/2013,1976
4/21/2013,2020
4/22/2013,2038
4/23/2013,2043
4/24/2013,2043
4/25/2013,2040
4/26/2013,2045
4/27/2013,2045
4/28/2013,2046
4/29/2013,2045
4/30/2013,2049
5/1/2013,2052
5/2/2013,2054
5/3/2013,2052
5/4/2013,2053
5/5/2013,2056
5/6/2013,2057
5/7/2013,2057
5/8/2013,2057
5/9/2013,2058
5/10/2013,2057
5/11/2013,2057
5/12/2013,2057
5/13/2013,2057
5/14/2013,2057
5/15/2013,2059
5/16/2013,2059
5/17/2013,2059
5/18/2013,2059
5/19/2013,2058
5/20/2013,2057
5/21/2013,2057
5/22/2013,2057
5/23/2013,2057
5/24/2013,2056
5/25/2013,2056
5/26/2013,2056
5/27/2013,2056
5/28/2013,2057
5/29/2013,2058
5/30/2013,2058
5/31/2013,2059
6/1/2013,2058
6/2/2013,2059
6/3/2013,2057
6/4/2013,2057
6/5/2013,2058
6/6/2013,2058
6/7/2013,2059
6/8/2013,2059
6/9/2013,2061
6/10/2013,2061
6/11/2013,2060
6/12/2013,2061
6/13/2013,2061
6/14/2013,2062
6/15/2013,2062
6/16/2013,2062
6/17/2013,2063
6/18/2013,2063
6/19/2013,2064
6/20/2013,2068
6/21/2013,2068
6/22/2013,2070
6/23/2013,2071
6/24/2013,2070
6/25/2013,2070
6/26/2013,2070
6/27/2013,2071
6/28/2013,2069
6/29/2013,2069
6/30/2013,2069
7/1/2013,2071
7/2/2013,2071
7/3/2013,2071
7/4/2013,2071
7/5/2013,2073
7/6/2013,2074
7/7/2013,2074
7/8/2013,2075
7/9/2013,2074
7/10/2013,2075
7/11/2013,2075
7/12/2013,2074
7/13/2013,2075
7/14/2013,2075
7/15/2013,2075
7/16/2013,2075
7/17/2013,2075
7/18/2013,2075
7/19/2013,2075
7/20/2013,2075
7/21/2013,2075
7/22/2013,2075
7/23/2013,2074
7/24/2013,2074
7/25/2013,2074
7/26/2013,2074
7/27/2013,2074
7/28/2013,2074
7/29/2013,2075
7/30/2013,2075
7/31/2013,2074
8/1/2013,2074
8/2/2013,2075
8/3/2013,2077
8/4/2013,2077
8/5/2013,2079
8/6/2013,2079
8/7/2013,2079
8/8/2013,2080
8/9/2013,2082
8/10/2013,2082
8/11/2013,2082
8/12/2013,2082
8/13/2013,2084
8/14/2013,2085
8/15/2013,2085
8/16/2013,2085
8/17/2013,2085
8/18/2013,2086
8/19/2013,2086
8/20/2013,2086
8/21/2013,2086
8/22/2013,2086
8/23/2013,2085
8/24/2013,2085
8/25/2013,2085
8/26/2013,2087
8/27/2013,2087
8/28/2013,2087
8/29/2013,2086
8/30/2013,2087
8/31/2013,2087
9/1/2013,2089
9/2/2013,2090
9/3/2013,2090
9/4/2013,2092
9/5/2013,2093
9/6/2013,2093
9/7/2013,2093
9/8/2013,2093
9/9/2013,2094
9/10/2013,2096
9/11/2013,2101
9/12/2013,2102
9/13/2013,2103
9/14/2013,2106
9/15/2013,2110
9/16/2013,2111
9/17/2013,2113
9/18/2013,2113
9/19/2013,2113
9/20/2013,2113
9/21/2013,2113
9/22/2013,2116
9/23/2013,2116
9/24/2013,2116
9/25/2013,2116
9/26/2013,2116
9/27/2013,2117
9/28/2013,2119
9/29/2013,2120
9/30/2013,2119
10/1/2013,2126
10/2/2013,2129
10/3/2013,2131
10/4/2013,2134
10/5/2013,2135
10/6/2013,2135
10/7/2013,2140
10/8/2013,2142
10/9/2013,2141
10/10/2013,2141
10/11/2013,2141
10/12/2013,2141
10/13/2013,2139
10/14/2013,2139
10/15/2013,2140
10/16/2013,2142
10/17/2013,2145
10/18/2013,2145
10/19/2013,2147
10/20/2013,2147
10/21/2013,2147
10/22/2013,2147
10/23/2013,2152
10/24/2013,2158
10/25/2013,2175
10/26/2013,2181
10/27/2013,2182
10/28/2013,2183
10/29/2013,2188
10/30/2013,2190
10/31/2013,2190
11/1/2013,2192
11/2/2013,2193
11/3/2013,2194
11/4/2013,2193
11/5/2013,2193
11/6/2013,2195
11/7/2013,2198
11/8/2013,2201
11/9/2013,2204
11/10/2013,2207
11/11/2013,2210
11/12/2013,2212
11/13/2013,2215
11/14/2013,2216
11/15/2013,2220
11/16/2013,2220
11/17/2013,2225
11/18/2013,2228
11/19/2013,2230
11/20/2013,2231
11/21/2013,2233
11/22/2013,2233
11/23/2013,2236
11/24/2013,2240
11/25/2013,2241
11/26/2013,2243
11/27/2013,2245
11/28/2013,2245
11/29/2013,2244
11/30/2013,2248
12/1/2013,2249
12/2/2013,2252
12/3/2013,2253
12/4/2013,2253
12/5/2013,2255
12/6/2013,2256
12/7/2013,2257
12/8/2013,2259
12/9/2013,2264
12/10/2013,2266
12/11/2013,2267
12/12/2013,2267
12/13/2013,2268
12/14/2013,2269
12/15/2013,2271
12/16/2013,2271
12/17/2013,2273
12/18/2013,2273
12/19/2013,2273
12/20/2013,2274
12/21/2013,2276
12/22/2013,2276
12/23/2013,2277
12/24/2013,2278
12/25/2013,2279
12/26/2013,2279
12/27/2013,2279
12/28/2013,2280
12/29/2013,2282
12/30/2013,2282
12/31/2013,2283
1/1/2014,2283
1/2/2014,2282
1/3/2014,2283
1/4/2014,2285
1/5/2014,2291
1/6/2014,2296
1/7/2014,2297
1/8/2014,2298
1/9/2014,2298
1/10/2014,2304
1/11/2014,2306
1/12/2014,2311
1/13/2014,2315
1/14/2014,2321
1/15/2014,2326
1/16/2014,2327
1/17/2014,2327
1/18/2014,2327
1/19/2014,2331
1/20/2014,2336
1/21/2014,2341
1/22/2014,2346
1/23/2014,2350
1/24/2014,2351
1/25/2014,2352
1/26/2014,2352
1/27/2014,2356
1/28/2014,2363
1/29/2014,2366
1/30/2014,2387
1/31/2014,2399
2/1/2014,2408
2/2/2014,2413
2/3/2014,2424
2/4/2014,2428
2/5/2014,2432
2/6/2014,2437
2/7/2014,2444
2/8/2014,2449
2/9/2014,2457
2/10/2014,2463
2/11/2014,2471
2/12/2014,2474
2/13/2014,2477
2/14/2014,2479
2/15/2014,2483
2/16/2014,2484
2/17/2014,2487
2/18/2014,2495
2/19/2014,2497
2/20/2014,2502
2/21/2014,2505
2/22/2014,2508
2/23/2014,2510
2/24/2014,2515
2/25/2014,2521
2/26/2014,2524
2/27/2014,2527
2/28/2014,2530
3/1/2014,2533
3/2/2014,2536
3/3/2014,2542
3/4/2014,2547
3/5/2014,2553
3/6/2014,2555
3/7/2014,2567
3/8/2014,2571
3/9/2014,2574
3/10/2014,2580
3/11/2014,2584
3/12/2014,2588
3/13/2014,2591
3/14/2014,2597
3/15/2014,2600
3/16/2014,2602
3/17/2014,2603
3/18/2014,2608
3/19/2014,2616
3/20/2014,2619
3/21/2014,2622
3/22/2014,2624
3/23/2014,2630
3/24/2014,2637
3/25/2014,2641
3/26/2014,2644
3/27/2014,2650
3/28/2014,2656
3/29/2014,2660
3/30/2014,2665
3/31/2014,2670
4/1/2014,2673
4/2/2014,2679
4/3/2014,2688
4/4/2014,2692
4/5/2014,2694
4/6/2014,2699
4/7/2014,2706
4/8/2014,2709
4/9/2014,2712
4/10/2014,2712
4/11/2014,2713
4/12/2014,2714
4/13/2014,2717
4/14/2014,2717
4/15/2014,2722
4/16/2014,2724
4/17/2014,2727
4/18/2014,2731
4/19/2014,2734
4/20/2014,2738
4/21/2014,2746
4/22/2014,2749
4/23/2014,2759
4/24/2014,2769
4/25/2014,2792
4/26/2014,2830
4/27/2014,2942
4/28/2014,2958
4/29/2014,2966
4/30/2014,2974
5/1/2014,2976
5/2/2014,2980
5/3/2014,2981
5/4/2014,2978
5/5/2014,2980
5/6/2014,2981
5/7/2014,2985
5/8/2014,2985
5/9/2014,2986
5/10/2014,2986
5/11/2014,2986
5/12/2014,2986
5/13/2014,2986
5/14/2014,2988
5/15/2014,2989
5/16/2014,2988
5/17/2014,2987
5/18/2014,2988
5/19/2014,2988
5/20/2014,2988
5/21/2014,2987
5/22/2014,2987
5/23/2014,2987
5/24/2014,2987
5/25/2014,2987
5/26/2014,2987
5/27/2014,2987
5/28/2014,2988
5/29/2014,2990
5/30/2014,2991
5/31/2014,2991
6/1/2014,2991
6/2/2014,2993
6/3/2014,2995
6/4/2014,2995
6/5/2014,2995
6/6/2014,2995
6/7/2014,2995
6/8/2014,2995
6/9/2014,2995
6/10/2014,2995
6/11/2014,2996
6/12/2014,2996
6/13/2014,2996
6/14/2014,2997
6/15/2014,2998
6/16/2014,2999
6/17/2014,3000
6/18/2014,3000
6/19/2014,3000
6/20/2014,2999
6/21/2014,2998
6/22/2014,2999
6/23/2014,3000
6/24/2014,2999
6/25/2014,2999
6/26/2014,3001
6/27/2014,3003
6/28/2014,3005
6/29/2014,3005
6/30/2014,3006
7/1/2014,3006
7/2/2014,3006
7/3/2014,3006
7/4/2014,3006
7/5/2014,3006
7/6/2014,3006
7/7/2014,3007
7/8/2014,3007
7/9/2014,3007
7/10/2014,3007
7/11/2014,3007
7/12/2014,3007
7/13/2014,3006
7/14/2014,3007
7/15/2014,3008
7/16/2014,3008
7/17/2014,3007
7/18/2014,3008
7/19/2014,3008
7/20/2014,3008
7/21/2014,3009
7/22/2014,3007
7/23/2014,3007
7/24/2014,3008
7/25/2014,3008
7/26/2014,3009
7/27/2014,3010
7/28/2014,3011
7/29/2014,3012
7/30/2014,3013
7/31/2014,3014
8/1/2014,3012
8/2/2014,3012
8/3/2014,3013
8/4/2014,3013
8/5/2014,3013
8/6/2014,3012
8/7/2014,3011
8/8/2014,3011
8/9/2014,3010
8/10/2014,3010
8/11/2014,3010
8/12/2014,3013
8/13/2014,3012
8/14/2014,3011
8/15/2014,3012
8/16/2014,3011
8/17/2014,3012
8/18/2014,3012
8/19/2014,3013
8/20/2014,3010
8/21/2014,3010
8/22/2014,3011
8/23/2014,3012
8/24/2014,3012
8/25/2014,3012
8/26/2014,3014
8/27/2014,3015
8/28/2014,3015
8/29/2014,3016
8/30/2014,3016
8/31/2014,3020
9/1/2014,3019
9/2/2014,3020
9/3/2014,3021
9/4/2014,3024
9/5/2014,3024
9/6/2014,3025
9/7/2014,3030
9/8/2014,3032
9/9/2014,3034
9/10/2014,3031
9/11/2014,3030
9/12/2014,3031
9/13/2014,3034
9/14/2014,3036
9/15/2014,3037
9/16/2014,3042
9/17/2014,3043
9/18/2014,3043
9/19/2014,3043
9/20/2014,3045
9/21/2014,3048
9/22/2014,3051
9/23/2014,3054
9/24/2014,3058
9/25/2014,3058
9/26/2014,3059
9/27/2014,3060
9/28/2014,3064
9/29/2014,3068
9/30/2014,3067
10/1/2014,3072
10/2/2014,3073
10/3/2014,3073
10/4/2014,3077
10/5/2014,3077
10/6/2014,3080
10/7/2014,3081
10/8/2014,3083
10/9/2014,3089
10/10/2014,3088
10/11/2014,3087
10/12/2014,3088
10/13/2014,3093
10/14/2014,3094
10/15/2014,3094
10/16/2014,3094
10/17/2014,3101
10/18/2014,3103
10/19/2014,3107
10/20/2014,3110
10/21/2014,3110
10/22/2014,3114
10/23/2014,3114
10/24/2014,3115
10/25/2014,3119
10/26/2014,3122
10/27/2014,3125
10/28/2014,3128
10/29/2014,3130
10/30/2014,3131
10/31/2014,3134
11/1/2014,3137
11/2/2014,3141
11/3/2014,3139
11/4/2014,3142
11/5/2014,3147
11/6/2014,3149
11/7/2014,3152
11/8/2014,3152
11/9/2014,3170
11/10/2014,3170
11/11/2014,3174
11/12/2014,3177
11/13/2014,3184
11/14/2014,3190
11/15/2014,3194
11/16/2014,3195
11/17/2014,3196
11/18/2014,3198
11/19/2014,3198
11/20/2014,3202
11/21/2014,3206
11/22/2014,3206
11/23/2014,3206
11/24/2014,3208
11/25/2014,3207
11/26/2014,3212
11/27/2014,3213
11/28/2014,3220
11/29/2014,3223
11/30/2014,3226
12/1/2014,3231
12/2/2014,3230
12/3/2014,3237
12/4/2014,3238
12/5/2014,3241
12/6/2014,3242
12/7/2014,3249
12/8/2014,3251
12/9/2014,3252
12/10/2014,3253
12/11/2014,3255
12/12/2014,3255
12/13/2014,3257
12/14/2014,3263
12/15/2014,3265
12/16/2014,3266
12/17/2014,3267
12/18/2014,3270
12/19/2014,3271
12/20/2014,3273
12/21/2014,3275
12/22/2014,3278
12/23/2014,3278
12/24/2014,3281
12/25/2014,3282
12/26/2014,3285
12/27/2014,3288
12/28/2014,3292
12/29/2014,3294
12/30/2014,3295
12/31/2014,3295
1/1/2015,3297
1/2/2015,3300
1/3/2015,3308
1/4/2015,3314
1/5/2015,3324
1/6/2015,3328
1/7/2015,3330
1/8/2015,3335
1/9/2015,3339
1/10/2015,3345
1/11/2015,3348
1/12/2015,3351
1/13/2015,3354
1/14/2015,3356
1/15/2015,3356
1/16/2015,3357
1/17/2015,3360
1/18/2015,3361
1/19/2015,3362
1/20/2015,3364
1/21/2015,3368
1/22/2015,3374
1/23/2015,3378
1/24/2015,3381
1/25/2015,3383
1/26/2015,3387
1/27/2015,3387
1/28/2015,3390
1/29/2015,3392
1/30/2015,3397
1/31/2015,3401
2/1/2015,3406
2/2/2015,3406
2/3/2015,3409
2/4/2015,3410
2/5/2015,3410
2/6/2015,3410
2/7/2015,3412
2/8/2015,3411
2/9/2015,3415
2/10/2015,3416
2/11/2015,3420
2/12/2015,3428
2/13/2015,3427
2/14/2015,3428
2/15/2015,3432
2/16/2015,3437
2/17/2015,3440
2/18/2015,3441
2/19/2015,3448
2/20/2015,3452
2/21/2015,3455
2/22/2015,3454
2/23/2015,3454
2/24/2015,3457
2/25/2015,3459
2/26/2015,3464
2/27/2015,3466
2/28/2015,3467
3/1/2015,3469
3/2/2015,3474
3/3/2015,3477
3/4/2015,3478
3/5/2015,3482
3/6/2015,3483
3/7/2015,3485
3/8/2015,3487
3/9/2015,3493
3/10/2015,3497
3/11/2015,3499
3/12/2015,3500
3/13/2015,3505
3/14/2015,3508
3/15/2015,3509
3/16/2015,3511
3/17/2015,3518
3/18/2015,3449
3/19/2015,3454
3/20/2015,3457
3/21/2015,3461
3/22/2015,3467
3/23/2015,3489
3/24/2015,3496
3/25/2015,3498
3/26/2015,3500
3/27/2015,3504
3/28/2015,3504
3/29/2015,3505
3/30/2015,3506
3/31/2015,3509
4/1/2015,3523
4/2/2015,3531
4/3/2015,3534
4/4/2015,3535
4/5/2015,3536
4/6/2015,3538
4/7/2015,3542
4/8/2015,3546
4/9/2015,3551
4/10/2015,3562
4/11/2015,3569
4/12/2015,3591
4/13/2015,3607
4/14/2015,3620
4/15/2015,3634
4/16/2015,3662
4/17/2015,3687
4/18/2015,3729
4/19/2015,3799
4/20/2015,3826
4/21/2015,3830
4/22/2015,3840
4/23/2015,3845
4/24/2015,3846
4/25/2015,3847
4/26/2015,3845
4/27/2015,3844
4/28/2015,3846
4/29/2015,3846
4/30/2015,3850
5/1/2015,3849
5/2/2015,3851
5/3/2015,3850
5/4/2015,3851
5/5/2015,3844
5/6/2015,3845
5/7/2015,3844
5/8/2015,3845
5/9/2015,3846
5/10/2015,3846
